[{"model": "admin.logentry", "pk": 1, "fields": {"action_time": "2024-06-19T13:12:12.285Z", "user": 1, "content_type": 8, "object_id": "1", "object_repr": "title1 - text - 1", "action_flag": 1, "change_message": "[{\"added\": {}}]"}}, {"model": "admin.logentry", "pk": 2, "fields": {"action_time": "2024-06-19T13:13:52.773Z", "user": 1, "content_type": 8, "object_id": "2", "object_repr": "nj - image - 2", "action_flag": 1, "change_message": "[{\"added\": {}}]"}}, {"model": "admin.logentry", "pk": 3, "fields": {"action_time": "2024-06-19T13:16:48.197Z", "user": 1, "content_type": 8, "object_id": "2", "object_repr": "nj - image - 2", "action_flag": 2, "change_message": "[{\"changed\": {\"fields\": [\"Image\"]}}]"}}, {"model": "admin.logentry", "pk": 4, "fields": {"action_time": "2024-06-19T13:17:50.458Z", "user": 1, "content_type": 8, "object_id": "3", "object_repr": "nj - text - 1", "action_flag": 1, "change_message": "[{\"added\": {}}]"}}, {"model": "admin.logentry", "pk": 5, "fields": {"action_time": "2024-06-19T13:23:38.980Z", "user": 1, "content_type": 8, "object_id": "4", "object_repr": "nj - image - 3", "action_flag": 1, "change_message": "[{\"added\": {}}]"}}, {"model": "admin.logentry", "pk": 6, "fields": {"action_time": "2024-06-19T13:24:35.216Z", "user": 1, "content_type": 8, "object_id": "5", "object_repr": "nj - text - 4", "action_flag": 1, "change_message": "[{\"added\": {}}]"}}, {"model": "admin.logentry", "pk": 7, "fields": {"action_time": "2024-06-19T13:35:22.216Z", "user": 1, "content_type": 7, "object_id": "6", "object_repr": "1", "action_flag": 3, "change_message": ""}}, {"model": "admin.logentry", "pk": 8, "fields": {"action_time": "2024-06-19T13:35:22.723Z", "user": 1, "content_type": 7, "object_id": "5", "object_repr": "1", "action_flag": 3, "change_message": ""}}, {"model": "admin.logentry", "pk": 9, "fields": {"action_time": "2024-06-19T14:59:22.584Z", "user": 1, "content_type": 8, "object_id": "12", "object_repr": "test el - image - 0", "action_flag": 3, "change_message": ""}}, {"model": "admin.logentry", "pk": 10, "fields": {"action_time": "2024-06-19T14:59:22.718Z", "user": 1, "content_type": 8, "object_id": "11", "object_repr": "test el - image - 0", "action_flag": 3, "change_message": ""}}, {"model": "admin.logentry", "pk": 11, "fields": {"action_time": "2024-06-19T14:59:22.853Z", "user": 1, "content_type": 8, "object_id": "10", "object_repr": "test el - image - 0", "action_flag": 3, "change_message": ""}}, {"model": "admin.logentry", "pk": 12, "fields": {"action_time": "2024-06-19T14:59:23.195Z", "user": 1, "content_type": 8, "object_id": "9", "object_repr": "test el - image - 1", "action_flag": 3, "change_message": ""}}, {"model": "admin.logentry", "pk": 13, "fields": {"action_time": "2024-06-19T14:59:23.397Z", "user": 1, "content_type": 8, "object_id": "8", "object_repr": "test el - image - 0", "action_flag": 3, "change_message": ""}}, {"model": "admin.logentry", "pk": 14, "fields": {"action_time": "2024-06-19T14:59:23.620Z", "user": 1, "content_type": 8, "object_id": "7", "object_repr": "test el - image - 0", "action_flag": 3, "change_message": ""}}, {"model": "admin.logentry", "pk": 15, "fields": {"action_time": "2024-06-19T15:05:30.994Z", "user": 1, "content_type": 8, "object_id": "20", "object_repr": "test el - text - 0", "action_flag": 3, "change_message": ""}}, {"model": "admin.logentry", "pk": 16, "fields": {"action_time": "2024-06-19T15:05:31.067Z", "user": 1, "content_type": 8, "object_id": "19", "object_repr": "test el - image - 0", "action_flag": 3, "change_message": ""}}, {"model": "admin.logentry", "pk": 17, "fields": {"action_time": "2024-06-19T15:05:31.135Z", "user": 1, "content_type": 8, "object_id": "18", "object_repr": "test el - text - 2", "action_flag": 3, "change_message": ""}}, {"model": "admin.logentry", "pk": 18, "fields": {"action_time": "2024-06-19T15:05:31.304Z", "user": 1, "content_type": 8, "object_id": "17", "object_repr": "test el - text - 1", "action_flag": 3, "change_message": ""}}, {"model": "admin.logentry", "pk": 19, "fields": {"action_time": "2024-06-19T15:05:31.462Z", "user": 1, "content_type": 8, "object_id": "16", "object_repr": "test el - image - 0", "action_flag": 3, "change_message": ""}}, {"model": "admin.logentry", "pk": 20, "fields": {"action_time": "2024-06-19T15:05:31.600Z", "user": 1, "content_type": 8, "object_id": "15", "object_repr": "test el - text - 1", "action_flag": 3, "change_message": ""}}, {"model": "admin.logentry", "pk": 21, "fields": {"action_time": "2024-06-19T15:05:31.787Z", "user": 1, "content_type": 8, "object_id": "14", "object_repr": "test el - text - 0", "action_flag": 3, "change_message": ""}}, {"model": "admin.logentry", "pk": 22, "fields": {"action_time": "2024-06-19T15:05:31.930Z", "user": 1, "content_type": 8, "object_id": "13", "object_repr": "test el - image - 0", "action_flag": 3, "change_message": ""}}, {"model": "admin.logentry", "pk": 23, "fields": {"action_time": "2024-06-19T15:05:32.194Z", "user": 1, "content_type": 8, "object_id": "6", "object_repr": "test el - text - 0", "action_flag": 3, "change_message": ""}}, {"model": "admin.logentry", "pk": 24, "fields": {"action_time": "2024-06-19T18:03:58.919Z", "user": 1, "content_type": 8, "object_id": "32", "object_repr": "test el - image - 0", "action_flag": 3, "change_message": ""}}, {"model": "admin.logentry", "pk": 25, "fields": {"action_time": "2024-06-19T18:03:59.001Z", "user": 1, "content_type": 8, "object_id": "31", "object_repr": "test el - image - 0", "action_flag": 3, "change_message": ""}}, {"model": "admin.logentry", "pk": 26, "fields": {"action_time": "2024-06-19T18:03:59.315Z", "user": 1, "content_type": 8, "object_id": "30", "object_repr": "test el - image - 0", "action_flag": 3, "change_message": ""}}, {"model": "admin.logentry", "pk": 27, "fields": {"action_time": "2024-06-19T18:03:59.451Z", "user": 1, "content_type": 8, "object_id": "29", "object_repr": "test el - image - 0", "action_flag": 3, "change_message": ""}}, {"model": "admin.logentry", "pk": 28, "fields": {"action_time": "2024-06-19T18:03:59.555Z", "user": 1, "content_type": 8, "object_id": "28", "object_repr": "test el - image - 0", "action_flag": 3, "change_message": ""}}, {"model": "admin.logentry", "pk": 29, "fields": {"action_time": "2024-06-19T18:03:59.658Z", "user": 1, "content_type": 8, "object_id": "27", "object_repr": "test el - image - 1", "action_flag": 3, "change_message": ""}}, {"model": "admin.logentry", "pk": 30, "fields": {"action_time": "2024-06-19T18:03:59.912Z", "user": 1, "content_type": 8, "object_id": "26", "object_repr": "test el - text - 0", "action_flag": 3, "change_message": ""}}, {"model": "admin.logentry", "pk": 31, "fields": {"action_time": "2024-06-19T18:04:00.180Z", "user": 1, "content_type": 8, "object_id": "25", "object_repr": "test el - text - 4", "action_flag": 3, "change_message": ""}}, {"model": "admin.logentry", "pk": 32, "fields": {"action_time": "2024-06-19T18:04:00.341Z", "user": 1, "content_type": 8, "object_id": "24", "object_repr": "test el - text - 3", "action_flag": 3, "change_message": ""}}, {"model": "admin.logentry", "pk": 33, "fields": {"action_time": "2024-06-19T18:04:00.470Z", "user": 1, "content_type": 8, "object_id": "23", "object_repr": "test el - image - 2", "action_flag": 3, "change_message": ""}}, {"model": "admin.logentry", "pk": 34, "fields": {"action_time": "2024-06-19T18:04:00.632Z", "user": 1, "content_type": 8, "object_id": "22", "object_repr": "test el - image - 1", "action_flag": 3, "change_message": ""}}, {"model": "admin.logentry", "pk": 35, "fields": {"action_time": "2024-06-19T18:04:01.571Z", "user": 1, "content_type": 8, "object_id": "21", "object_repr": "test el - text - 0", "action_flag": 3, "change_message": ""}}, {"model": "admin.logentry", "pk": 36, "fields": {"action_time": "2024-06-20T10:10:44.733Z", "user": 1, "content_type": 9, "object_id": "1", "object_repr": "About Us - text - 1", "action_flag": 1, "change_message": "[{\"added\": {}}]"}}, {"model": "auth.permission", "pk": 1, "fields": {"name": "Can add log entry", "content_type": 1, "codename": "add_logentry"}}, {"model": "auth.permission", "pk": 2, "fields": {"name": "Can change log entry", "content_type": 1, "codename": "change_logentry"}}, {"model": "auth.permission", "pk": 3, "fields": {"name": "Can delete log entry", "content_type": 1, "codename": "delete_logentry"}}, {"model": "auth.permission", "pk": 4, "fields": {"name": "Can view log entry", "content_type": 1, "codename": "view_logentry"}}, {"model": "auth.permission", "pk": 5, "fields": {"name": "Can add permission", "content_type": 2, "codename": "add_permission"}}, {"model": "auth.permission", "pk": 6, "fields": {"name": "Can change permission", "content_type": 2, "codename": "change_permission"}}, {"model": "auth.permission", "pk": 7, "fields": {"name": "Can delete permission", "content_type": 2, "codename": "delete_permission"}}, {"model": "auth.permission", "pk": 8, "fields": {"name": "Can view permission", "content_type": 2, "codename": "view_permission"}}, {"model": "auth.permission", "pk": 9, "fields": {"name": "Can add group", "content_type": 3, "codename": "add_group"}}, {"model": "auth.permission", "pk": 10, "fields": {"name": "Can change group", "content_type": 3, "codename": "change_group"}}, {"model": "auth.permission", "pk": 11, "fields": {"name": "Can delete group", "content_type": 3, "codename": "delete_group"}}, {"model": "auth.permission", "pk": 12, "fields": {"name": "Can view group", "content_type": 3, "codename": "view_group"}}, {"model": "auth.permission", "pk": 13, "fields": {"name": "Can add user", "content_type": 4, "codename": "add_user"}}, {"model": "auth.permission", "pk": 14, "fields": {"name": "Can change user", "content_type": 4, "codename": "change_user"}}, {"model": "auth.permission", "pk": 15, "fields": {"name": "Can delete user", "content_type": 4, "codename": "delete_user"}}, {"model": "auth.permission", "pk": 16, "fields": {"name": "Can view user", "content_type": 4, "codename": "view_user"}}, {"model": "auth.permission", "pk": 17, "fields": {"name": "Can add content type", "content_type": 5, "codename": "add_contenttype"}}, {"model": "auth.permission", "pk": 18, "fields": {"name": "Can change content type", "content_type": 5, "codename": "change_contenttype"}}, {"model": "auth.permission", "pk": 19, "fields": {"name": "Can delete content type", "content_type": 5, "codename": "delete_contenttype"}}, {"model": "auth.permission", "pk": 20, "fields": {"name": "Can view content type", "content_type": 5, "codename": "view_contenttype"}}, {"model": "auth.permission", "pk": 21, "fields": {"name": "Can add session", "content_type": 6, "codename": "add_session"}}, {"model": "auth.permission", "pk": 22, "fields": {"name": "Can change session", "content_type": 6, "codename": "change_session"}}, {"model": "auth.permission", "pk": 23, "fields": {"name": "Can delete session", "content_type": 6, "codename": "delete_session"}}, {"model": "auth.permission", "pk": 24, "fields": {"name": "Can view session", "content_type": 6, "codename": "view_session"}}, {"model": "auth.permission", "pk": 25, "fields": {"name": "Can add project", "content_type": 7, "codename": "add_project"}}, {"model": "auth.permission", "pk": 26, "fields": {"name": "Can change project", "content_type": 7, "codename": "change_project"}}, {"model": "auth.permission", "pk": 27, "fields": {"name": "Can delete project", "content_type": 7, "codename": "delete_project"}}, {"model": "auth.permission", "pk": 28, "fields": {"name": "Can view project", "content_type": 7, "codename": "view_project"}}, {"model": "auth.permission", "pk": 29, "fields": {"name": "Can add project element", "content_type": 8, "codename": "add_projectelement"}}, {"model": "auth.permission", "pk": 30, "fields": {"name": "Can change project element", "content_type": 8, "codename": "change_projectelement"}}, {"model": "auth.permission", "pk": 31, "fields": {"name": "Can delete project element", "content_type": 8, "codename": "delete_projectelement"}}, {"model": "auth.permission", "pk": 32, "fields": {"name": "Can view project element", "content_type": 8, "codename": "view_projectelement"}}, {"model": "auth.permission", "pk": 33, "fields": {"name": "Can add about element", "content_type": 9, "codename": "add_aboutelement"}}, {"model": "auth.permission", "pk": 34, "fields": {"name": "Can change about element", "content_type": 9, "codename": "change_aboutelement"}}, {"model": "auth.permission", "pk": 35, "fields": {"name": "Can delete about element", "content_type": 9, "codename": "delete_aboutelement"}}, {"model": "auth.permission", "pk": 36, "fields": {"name": "Can view about element", "content_type": 9, "codename": "view_aboutelement"}}, {"model": "auth.permission", "pk": 37, "fields": {"name": "Can add contact message", "content_type": 10, "codename": "add_contactmessage"}}, {"model": "auth.permission", "pk": 38, "fields": {"name": "Can change contact message", "content_type": 10, "codename": "change_contactmessage"}}, {"model": "auth.permission", "pk": 39, "fields": {"name": "Can delete contact message", "content_type": 10, "codename": "delete_contactmessage"}}, {"model": "auth.permission", "pk": 40, "fields": {"name": "Can view contact message", "content_type": 10, "codename": "view_contactmessage"}}, {"model": "auth.permission", "pk": 41, "fields": {"name": "Can add contact", "content_type": 11, "codename": "add_contact"}}, {"model": "auth.permission", "pk": 42, "fields": {"name": "Can change contact", "content_type": 11, "codename": "change_contact"}}, {"model": "auth.permission", "pk": 43, "fields": {"name": "Can delete contact", "content_type": 11, "codename": "delete_contact"}}, {"model": "auth.permission", "pk": 44, "fields": {"name": "Can view contact", "content_type": 11, "codename": "view_contact"}}, {"model": "auth.user", "pk": 1, "fields": {"password": "pbkdf2_sha256$260000$y6Ri8TOsb9K9d3zvpuMHHb$OL782tlNtvJBJ1yBhL4baHAASNXPajRV3x820E2Au1Y=", "last_login": "2024-06-19T11:56:35.141Z", "is_superuser": true, "username": "Hanna", "first_name": "", "last_name": "", "email": "ex@gmail.com", "is_staff": true, "is_active": true, "date_joined": "2024-06-19T11:56:27.280Z", "groups": [], "user_permissions": []}}, {"model": "contenttypes.contenttype", "pk": 1, "fields": {"app_label": "admin", "model": "logentry"}}, {"model": "contenttypes.contenttype", "pk": 2, "fields": {"app_label": "auth", "model": "permission"}}, {"model": "contenttypes.contenttype", "pk": 3, "fields": {"app_label": "auth", "model": "group"}}, {"model": "contenttypes.contenttype", "pk": 4, "fields": {"app_label": "auth", "model": "user"}}, {"model": "contenttypes.contenttype", "pk": 5, "fields": {"app_label": "contenttypes", "model": "contenttype"}}, {"model": "contenttypes.contenttype", "pk": 6, "fields": {"app_label": "sessions", "model": "session"}}, {"model": "contenttypes.contenttype", "pk": 7, "fields": {"app_label": "projects", "model": "project"}}, {"model": "contenttypes.contenttype", "pk": 8, "fields": {"app_label": "projects", "model": "projectelement"}}, {"model": "contenttypes.contenttype", "pk": 9, "fields": {"app_label": "projects", "model": "aboutelement"}}, {"model": "contenttypes.contenttype", "pk": 10, "fields": {"app_label": "projects", "model": "contactmessage"}}, {"model": "contenttypes.contenttype", "pk": 11, "fields": {"app_label": "projects", "model": "contact"}}, {"model": "sessions.session", "pk": "zgt8d5584701jkexnz80dy3oaxf591l8", "fields": {"session_data": ".eJxVjMsOwiAQRf-FtSE8OjxcuvcbCDCMVA0kpV0Z_12bdKHbe865LxbittawjbKEGdmZSXb63VLMj9J2gPfYbp3n3tZlTnxX-EEHv3Ysz8vh_h3UOOq3Nkoakt4lFQEEqZJQWjkZmYSOlLMijyTIZgcKNGhLIBwqnYz1ZCZk7w_Suzd1:1sJtvY:9iIZP1_syQVB6gZPyHMsGbguuFJKX-B2pmwjPLtq_QI", "expire_date": "2024-07-03T11:56:36.602Z"}}, {"model": "projects.project", "pk": 8, "fields": {"title": "title", "description": "xbfcgnvmооо", "default_image": "project_images/Screenshot_from_2023-04-03_05-16-54_p5xG5Cm.png", "created_at": "2024-06-19T18:06:09.110Z", "font": "Arial"}}, {"model": "projects.project", "pk": 9, "fields": {"title": "title", "description": "dectr", "default_image": "project_images/Screenshot_from_2023-04-03_05-16-54_eIPNS2e.png", "created_at": "2024-06-19T18:08:58.698Z", "font": "Arial"}}, {"model": "projects.project", "pk": 10, "fields": {"title": "title1551", "description": "hhhhhhhhhh112", "default_image": "project_images/Screenshot_from_2024-05-22_22-02-58_BIoY7eV.png", "created_at": "2024-06-19T18:22:28.632Z", "font": "Arial"}}, {"model": "projects.project", "pk": 11, "fields": {"title": "text arial", "description": "ddddddddddddddd", "default_image": "project_images/Cat_U7IbGrm.png", "created_at": "2024-06-20T09:19:47.407Z", "font": "Arial"}}, {"model": "projects.project", "pk": 12, "fields": {"title": "1", "description": "1", "default_image": "", "created_at": "2024-06-20T09:37:15.575Z", "font": "Arial"}}, {"model": "projects.project", "pk": 13, "fields": {"title": "yy", "description": "ggg", "default_image": "project_images/Cat_J3qQKRo.png", "created_at": "2024-06-21T23:43:38.926Z", "font": "Arial"}}, {"model": "projects.projectelement", "pk": 39, "fields": {"project": 8, "type": "text", "content": "11111111", "image": "", "order": 0, "font": "Arial"}}, {"model": "projects.projectelement", "pk": 40, "fields": {"project": 8, "type": "image", "content": "", "image": "project_images/Cat_ANoE7uQ.png", "order": 1, "font": "Arial"}}, {"model": "projects.projectelement", "pk": 41, "fields": {"project": 8, "type": "image", "content": "", "image": "project_images/Screenshot_from_2024-05-22_22-02-58_Jn3GAF2.png", "order": 2, "font": "Arial"}}, {"model": "projects.projectelement", "pk": 42, "fields": {"project": 8, "type": "text", "content": "222222222222222", "image": "", "order": 3, "font": "Arial"}}, {"model": "projects.projectelement", "pk": 43, "fields": {"project": 8, "type": "text", "content": "3333333333333", "image": "", "order": 4, "font": "Arial"}}, {"model": "projects.projectelement", "pk": 44, "fields": {"project": 8, "type": "text", "content": "11111111", "image": "", "order": 0, "font": "Arial"}}, {"model": "projects.projectelement", "pk": 45, "fields": {"project": 8, "type": "image", "content": "", "image": "project_images/Cat_nHmG49P.png", "order": 1, "font": "Arial"}}, {"model": "projects.projectelement", "pk": 46, "fields": {"project": 8, "type": "image", "content": "", "image": "project_images/Screenshot_from_2024-05-22_22-02-58_Gn4UQ8e.png", "order": 2, "font": "Arial"}}, {"model": "projects.projectelement", "pk": 47, "fields": {"project": 8, "type": "text", "content": "222222222222222", "image": "", "order": 3, "font": "Arial"}}, {"model": "projects.projectelement", "pk": 48, "fields": {"project": 8, "type": "text", "content": "3333333333333", "image": "", "order": 4, "font": "Arial"}}, {"model": "projects.projectelement", "pk": 49, "fields": {"project": 9, "type": "text", "content": "1111111", "image": "", "order": 0, "font": "Arial"}}, {"model": "projects.projectelement", "pk": 50, "fields": {"project": 9, "type": "image", "content": "", "image": "project_images/Cat_j3X6OqQ.png", "order": 1, "font": "Arial"}}, {"model": "projects.projectelement", "pk": 51, "fields": {"project": 9, "type": "text", "content": "222222222222", "image": "", "order": 2, "font": "Arial"}}, {"model": "projects.projectelement", "pk": 52, "fields": {"project": 9, "type": "text", "content": "3333333", "image": "", "order": 3, "font": "Arial"}}, {"model": "projects.projectelement", "pk": 53, "fields": {"project": 9, "type": "image", "content": "", "image": "project_images/Screenshot_from_2024-05-22_22-02-58_Re0POLD.png", "order": 4, "font": "Arial"}}, {"model": "projects.projectelement", "pk": 54, "fields": {"project": 9, "type": "image", "content": "", "image": "project_images/Screenshot_from_2023-04-03_05-16-54_Noyi6hC.png", "order": 5, "font": "Arial"}}, {"model": "projects.projectelement", "pk": 55, "fields": {"project": 10, "type": "text", "content": "11111111gg", "image": "", "order": 0, "font": "Arial"}}, {"model": "projects.projectelement", "pk": 56, "fields": {"project": 10, "type": "image", "content": "", "image": "project_images/Cat_200vHpD.png", "order": 1, "font": "Arial"}}, {"model": "projects.projectelement", "pk": 57, "fields": {"project": 11, "type": "text", "content": "text example", "image": "", "order": 0, "font": "Arial"}}, {"model": "projects.projectelement", "pk": 58, "fields": {"project": 11, "type": "text", "content": "text example", "image": "", "order": 1, "font": "Times New Roman"}}, {"model": "projects.projectelement", "pk": 59, "fields": {"project": 11, "type": "text", "content": "text example", "image": "", "order": 2, "font": "Courier New"}}, {"model": "projects.projectelement", "pk": 60, "fields": {"project": 11, "type": "text", "content": "text example", "image": "", "order": 3, "font": "Georgia"}}, {"model": "projects.projectelement", "pk": 61, "fields": {"project": 11, "type": "text", "content": "text example", "image": "", "order": 4, "font": "Verdana"}}, {"model": "projects.projectelement", "pk": 62, "fields": {"project": 12, "type": "text", "content": "xuj", "image": "", "order": 0, "font": "Courier New"}}, {"model": "projects.projectelement", "pk": 63, "fields": {"project": 12, "type": "image", "content": "", "image": "project_images/Cat_5nHNX0w.png", "order": 1, "font": "Courier New"}}, {"model": "projects.projectelement", "pk": 64, "fields": {"project": 12, "type": "text", "content": "govno", "image": "", "order": 2, "font": "Courier New"}}, {"model": "projects.projectelement", "pk": 65, "fields": {"project": 12, "type": "text", "content": "zalupa", "image": "", "order": 3, "font": "Courier New"}}, {"model": "projects.projectelement", "pk": 66, "fields": {"project": 13, "type": "text", "content": "jjjj", "image": "", "order": 0, "font": "Courier New"}}, {"model": "projects.projectelement", "pk": 67, "fields": {"project": 13, "type": "image", "content": "", "image": "project_images/Cat_RPCR72Q.png", "order": 1, "font": "Courier New"}}, {"model": "projects.projectelement", "pk": 68, "fields": {"project": 13, "type": "text", "content": "jhuyugy", "image": "", "order": 2, "font": "Courier New"}}, {"model": "projects.projectelement", "pk": 69, "fields": {"project": 13, "type": "text", "content": "bhvgfcg", "image": "", "order": 3, "font": "Courier New"}}, {"model": "projects.contactmessage", "pk": 1, "fields": {"name": "1", "email": "lizka8456@gmail.com", "subject": "1", "message": "2", "created_at": "2024-06-20T23:51:58.692Z"}}, {"model": "projects.contactmessage", "pk": 2, "fields": {"name": "2", "email": "lizka8456@gmail.com", "subject": "mlkjn", "message": "jkbh", "created_at": "2024-06-20T23:56:03.551Z"}}, {"model": "projects.contactmessage", "pk": 3, "fields": {"name": "1", "email": "lizka8456@gmail.com", "subject": "lkmnjk", "message": ";lmknj", "created_at": "2024-06-21T00:09:27.201Z"}}, {"model": "projects.contactmessage", "pk": 4, "fields": {"name": "1", "email": "lizka8456@gmail.com", "subject": "lkmnjk", "message": ";lmknj", "created_at": "2024-06-21T00:11:45.875Z"}}, {"model": "projects.contactmessage", "pk": 5, "fields": {"name": "1", "email": "lizka8456@gmail.com", "subject": "22", "message": "33", "created_at": "2024-06-21T00:12:45.779Z"}}, {"model": "projects.contactmessage", "pk": 6, "fields": {"name": "1", "email": "lizka8456@gmail.com", "subject": "22", "message": "33", "created_at": "2024-06-21T00:13:20.043Z"}}, {"model": "projects.contactmessage", "pk": 7, "fields": {"name": "55", "email": "lizka8456@gmail.com", "subject": "44", "message": "jkhbyjugv", "created_at": "2024-06-21T00:20:21.400Z"}}, {"model": "projects.contactmessage", "pk": 8, "fields": {"name": "55", "email": "lizka8456@gmail.com", "subject": "44", "message": "jkhbyjugv", "created_at": "2024-06-21T00:21:07.251Z"}}, {"model": "projects.contactmessage", "pk": 9, "fields": {"name": "55", "email": "lizka8456@gmail.com", "subject": "4456", "message": "jkhbyjugv4", "created_at": "2024-06-21T00:21:17.013Z"}}, {"model": "projects.contactmessage", "pk": 10, "fields": {"name": "555", "email": "lizka8456@gmail.com", "subject": "44565", "message": "jkhbyjugv4", "created_at": "2024-06-21T00:22:31.124Z"}}, {"model": "projects.contactmessage", "pk": 11, "fields": {"name": "25", "email": "lizka8456@gmail.com", "subject": "5", "message": "kj", "created_at": "2024-06-21T00:22:42.773Z"}}, {"model": "projects.contactmessage", "pk": 12, "fields": {"name": "1", "email": "lizka8456@gmail.com", "subject": "lll", "message": "gggg", "created_at": "2024-06-21T12:26:01.601Z"}}, {"model": "projects.contactmessage", "pk": 13, "fields": {"name": "jkl", "email": "lizka8456@gmail.com", "subject": "jihuyg", "message": "jkbvghcf", "created_at": "2024-06-21T16:32:23.895Z"}}, {"model": "projects.contactmessage", "pk": 14, "fields": {"name": "jkl", "email": "lizka8456@gmail.com", "subject": "jihuyg", "message": "jkbvghcf", "created_at": "2024-06-21T16:32:33.337Z"}}, {"model": "projects.contactmessage", "pk": 15, "fields": {"name": "ll", "email": "lizka8456@gmail.com", "subject": "hg", "message": ",jbhvgcf", "created_at": "2024-06-21T16:46:13.128Z"}}, {"model": "projects.contactmessage", "pk": 16, "fields": {"name": "ll", "email": "lizka8456@gmail.com", "subject": "hg", "message": ",jbhvgcf", "created_at": "2024-06-21T16:48:32.715Z"}}, {"model": "projects.contactmessage", "pk": 17, "fields": {"name": "llhh", "email": "lizka8456@gmail.com", "subject": "hgjnk", "message": ",jbhvgcf", "created_at": "2024-06-21T16:51:06.158Z"}}, {"model": "projects.contactmessage", "pk": 18, "fields": {"name": "llhh", "email": "lizka8456@gmail.com", "subject": "hgjnk", "message": ",jbhvgcf", "created_at": "2024-06-21T16:52:34.562Z"}}, {"model": "projects.contactmessage", "pk": 19, "fields": {"name": "hhhh", "email": "lizka8456@gmail.com", "subject": "jjjjjj", "message": "hhhhhh", "created_at": "2024-06-21T16:54:01.073Z"}}, {"model": "projects.contactmessage", "pk": 20, "fields": {"name": "llhh", "email": "lizka8456@gmail.com", "subject": "hgjnk", "message": ",jbhvgcf", "created_at": "2024-06-21T16:55:16.455Z"}}, {"model": "projects.contactmessage", "pk": 21, "fields": {"name": "llhh", "email": "lizka8456@gmail.com", "subject": "hgjnk", "message": ",jbhvgcf", "created_at": "2024-06-21T16:55:30.252Z"}}, {"model": "projects.contactmessage", "pk": 22, "fields": {"name": "llhh", "email": "lizka8456@gmail.com", "subject": "hgjnk", "message": ",jbhvgcf", "created_at": "2024-06-21T16:57:51.785Z"}}, {"model": "projects.contactmessage", "pk": 23, "fields": {"name": "g", "email": "lizka8456@gmail.com", "subject": "d", "message": "ykud", "created_at": "2024-06-21T16:58:26.094Z"}}, {"model": "projects.contactmessage", "pk": 24, "fields": {"name": "g", "email": "lizka8456@gmail.com", "subject": "d", "message": "ykud", "created_at": "2024-06-21T17:02:57.384Z"}}, {"model": "projects.contactmessage", "pk": 25, "fields": {"name": "m", "email": "m@mail.ru", "subject": "m", "message": "m", "created_at": "2024-06-21T17:03:54.375Z"}}, {"model": "projects.contactmessage", "pk": 26, "fields": {"name": "m", "email": "m@mail.ru", "subject": "m", "message": "m", "created_at": "2024-06-21T17:04:46.699Z"}}, {"model": "projects.contactmessage", "pk": 27, "fields": {"name": "m", "email": "m@mail.ru", "subject": "m", "message": "m", "created_at": "2024-06-21T17:06:12.222Z"}}, {"model": "projects.contactmessage", "pk": 28, "fields": {"name": "m", "email": "m@mail.ru", "subject": "m", "message": "m", "created_at": "2024-06-21T17:06:36.725Z"}}, {"model": "projects.contactmessage", "pk": 29, "fields": {"name": "jyugtfr", "email": "lizka8456@gmail.com", "subject": "nibyugvty", "message": "khbjgyvf", "created_at": "2024-06-21T17:07:18.721Z"}}, {"model": "projects.contactmessage", "pk": 30, "fields": {"name": "jyugtfr", "email": "lizka8456@gmail.com", "subject": "nibyugvty", "message": "khbjgyvf", "created_at": "2024-06-21T17:08:24.647Z"}}, {"model": "projects.contactmessage", "pk": 31, "fields": {"name": "jyugtfr", "email": "lizka8456@gmail.com", "subject": "nibyugvty", "message": "khbjgyvf", "created_at": "2024-06-21T17:08:25.853Z"}}, {"model": "projects.contactmessage", "pk": 32, "fields": {"name": "jyugtfr", "email": "lizka8456@gmail.com", "subject": "nibyugvty", "message": "khbjgyvf", "created_at": "2024-06-21T17:08:26.144Z"}}, {"model": "projects.contactmessage", "pk": 33, "fields": {"name": "jyugtfr", "email": "lizka8456@gmail.com", "subject": "nibyugvty", "message": "khbjgyvf", "created_at": "2024-06-21T17:08:26.333Z"}}, {"model": "projects.contactmessage", "pk": 34, "fields": {"name": "jyugtfr", "email": "lizka8456@gmail.com", "subject": "nibyugvty", "message": "khbjgyvf", "created_at": "2024-06-21T17:08:26.507Z"}}, {"model": "projects.contactmessage", "pk": 35, "fields": {"name": "uihy", "email": "lizka8456@gmail.com", "subject": "uli", "message": "f", "created_at": "2024-06-21T17:09:00.046Z"}}, {"model": "projects.contactmessage", "pk": 36, "fields": {"name": "uihy", "email": "lizka8456@gmail.com", "subject": "uli", "message": "f", "created_at": "2024-06-21T17:09:11.410Z"}}, {"model": "projects.contactmessage", "pk": 37, "fields": {"name": "uihy", "email": "lizka8456@gmail.com", "subject": "uli", "message": "f", "created_at": "2024-06-21T17:09:21.605Z"}}, {"model": "projects.contactmessage", "pk": 38, "fields": {"name": "uihy", "email": "lizka8456@gmail.com", "subject": "uli", "message": "f", "created_at": "2024-06-21T17:42:48.104Z"}}, {"model": "projects.contactmessage", "pk": 39, "fields": {"name": "uihy", "email": "lizka8456@gmail.com", "subject": "uli", "message": "f", "created_at": "2024-06-21T17:44:54.993Z"}}, {"model": "projects.contactmessage", "pk": 40, "fields": {"name": "uihy", "email": "lizka8456@gmail.com", "subject": "uli", "message": "f", "created_at": "2024-06-21T17:44:57.115Z"}}, {"model": "projects.contactmessage", "pk": 41, "fields": {"name": "xyj", "email": "lizka8456@gmail.com", "subject": "ggggggggggg", "message": "fack you", "created_at": "2024-06-21T17:47:00.107Z"}}, {"model": "projects.contactmessage", "pk": 42, "fields": {"name": "hhhh", "email": "lizka8456@gmail.com", "subject": "jjjjjj", "message": "hhhhhh", "created_at": "2024-06-21T18:03:38.796Z"}}, {"model": "projects.contactmessage", "pk": 43, "fields": {"name": "hhhhmm", "email": "lizka8456@gmail.com", "subject": "jjjjjjmn", "message": "hhhhhhn", "created_at": "2024-06-21T18:03:46.957Z"}}, {"model": "projects.contactmessage", "pk": 44, "fields": {"name": "ffffff", "email": "dd@gmail.com", "subject": "dd", "message": "d", "created_at": "2024-06-21T23:04:07.969Z"}}, {"model": "projects.contactmessage", "pk": 45, "fields": {"name": "рр", "email": "lizka8456@gmail.com", "subject": "оо", "message": "лл", "created_at": "2024-06-21T23:06:27.013Z"}}, {"model": "projects.contactmessage", "pk": 46, "fields": {"name": "jj", "email": "k@example.com", "subject": "ff", "message": "ff", "created_at": "2024-06-21T23:41:41.706Z"}}, {"model": "projects.contact", "pk": 4, "fields": {"name": "h", "phone": "888888", "email": "nnn@gmai.com"}}, {"model": "projects.contact", "pk": 5, "fields": {"name": "xxxxx", "phone": "uuuuuuu", "email": "yyyy@example.com"}}]